{
    "cumulativeSupport": 0.7842465753424658,
    "differenceMean": 0.2738050753666666,
    "pDiffs": {
        "Pclass": 0.11853722315000001,
        "Sex": 0.23272770031666665
    },
    "totTuples": 876,
    "totTuplesInterested": 687
}