{
    "cumulativeSupport": 0.7591324200913242,
    "differenceMean": 0.3638454048833333,
    "discriminated": {
        "Pclass": [
            "3"
        ],
        "Sex": [
            "male"
        ]
    },
    "favoured": {
        "Pclass": [
            "1",
            "2"
        ],
        "Sex": [
            "female"
        ]
    },
    "pDiffs": {
        "Pclass": 0.15437377870000002,
        "Sex": 0.2802213037166667
    },
    "totTuples": 876,
    "totTuplesInterested": 665
}