{
    "cumulativeSupport": 0.9417808219178082,
    "differenceMean": 0.2566038568106383,
    "discriminated": {
        "Pclass": [
            "3",
            "1",
            "2"
        ],
        "Sex": [
            "male",
            "female"
        ]
    },
    "favoured": {
        "Pclass": [
            "1",
            "2",
            "3"
        ],
        "Sex": [
            "female",
            "male"
        ]
    },
    "pDiffs": {
        "Pclass": 0.08411798958235298,
        "Sex": 0.22175902816956522
    },
    "totTuples": 876,
    "totTuplesInterested": 825
}